{"count":1,"self":11.717313599999999,"total":11.847688999999999,"children":{"InitializeActuators":{"count":1,"self":0.00072399999999999993,"total":0.00072399999999999993,"children":null},"InitializeSensors":{"count":1,"self":0.0017909999999999998,"total":0.0017909999999999998,"children":null},"AgentSendState":{"count":570,"self":0.009234,"total":0.021644999999999998,"children":{"CollectObservations":{"count":114,"self":0.00062199999999999994,"total":0.00062199999999999994,"children":null},"WriteActionMask":{"count":114,"self":0.00029099999999999997,"total":0.00029099999999999997,"children":null},"RequestDecision":{"count":114,"self":0.011498,"total":0.011498,"children":null}}},"DecideAction":{"count":570,"self":0.10098,"total":0.10174899999999999,"children":{"RayPerceptionSensor.Perceive":{"count":114,"self":0.00076899999999999994,"total":0.00076899999999999994,"children":null}}},"AgentAct":{"count":570,"self":0.004173,"total":0.004173,"children":null}},"gauges":{},"metadata":{"timer_format_version":"0.1.0","start_time_seconds":"1733273006","unity_version":"2022.3.30f1","command_line_arguments":"\/Applications\/Unity\/Hub\/Editor\/2022.3.30f1\/Unity.app\/Contents\/MacOS\/Unity -projectpath \/Users\/sungho\/Documents\/GitHub\/RoomDesign -useHub -hubIPC -cloudEnvironment production -licensingIpc LicenseClient-sungho -hubSessionId b3d5792b-cc5a-437b-a7ec-5e4283eaa8a2 -accessToken S-meoN7tbwqII9Dgw1svuacpp3zy1d8XFYOK0rSfTec00df","communication_protocol_version":"1.5.0","com.unity.ml-agents_version":"2.0.1","scene_name":"StuffFind","end_time_seconds":"1733273018"}}